#;Accès;Mail;Image;ID Ligne;Sous Accès 1;Sous Accès 2;Sous Accès 3;Sous Accès 4;Sous Accès 5;Sous Accès 6;Sous Accès 7;Sous Accès 8;Sous Accès 9;Sous Accès 10;Sous Accès 11;Sous Accès 12;Sous Accès 13;Sous Accès 14;Sous Accès 15;Sous Accès 16;Sous Accès 17;Sous Accès 18;Sous Accès 19;Sous Accès 20;Sous Accès 21;Sous Accès 22;Sous Accès 23;Sous Accès 24;Sous Accès 25;Sous Accès 26;Sous Accès 27;Sous Accès 28;Sous Accès 29;Sous Accès 30
1;Administration App;"teddy.blouet@gmail.com;solutionsandconnect@gmail.com";Accès_Images/2.Image.125414.jpg;2;Accès personnel;Gestion sous accès;Listes déroulantes;Gestion Notifications
2;Activités;"teddy.blouet@gmail.com;solutionsandconnect@gmail.com;saraahdmn@gmail.com";Accès_Images/3.Image.164053.jpg;3;Activités;Map Activités
3;Administratif;"teddy.blouet@gmail.com;solutionsandconnect@gmail.com;saraahdmn@gmail.com";Accès_Images/4.Image.164845.jpg;4;Papiers
4;Achats;"teddy.blouet@gmail.com;solutionsandconnect@gmail.com;saraahdmn@gmail.com";Accès_Images/5.Image.164851.jpg;5;Liste de course;Recettes;Cartes cadeaux;Idées Cadeaux;
5;Catalogues;"teddy.blouet@gmail.com;solutionsandconnect@gmail.com;saraahdmn@gmail.com";Accès_Images/6.Image.125307.jpg;6;Bières;Bilan Bières
6;Films & Séries;"teddy.blouet@gmail.com;solutionsandconnect@gmail.com;saraahdmn@gmail.com";Accès_Images/7.Image.164900.jpg;7;Films & Séries
7;Trucs et Astuces;"teddy.blouet@gmail.com;solutionsandconnect@gmail.com;saraahdmn@gmail.com";Accès_Images/8.Image.164847.jpg;8;Astuces
8;Jeux;"teddy.blouet@gmail.com;solutionsandconnect@gmail.com;saraahdmn@gmail.com";Accès_Images/9.Image.114850.jpg;9;Jeux;Bilan Jeux
;;;;
;;;;
;;;;
;;;;
;;;;
;;;;
;;;;
;;;;
;;;;
;;;;
;;;;
;;;;
;;;;
;;;;
;;;;
;;;;
;;;;
;;;;
;;;;
;;;;
;;;;
;;;;
;;;;
;;;;
;;;;
;;;;
;;;;
;;;;
;;;;
;;;;
;;;;
;;;;
;;;;
;;;;
;;;;
;;;;
;;;;
;;;;
;;;;
;;;;
;;;;
;;;;